RHUID, HousingCategory, Location, StayPeriod, CostPerBed, Capacity, EmergencyCapacity, ShortTermBeds, Address, Phone, Email, Contact, ManagementGroup, Gender, Licensees, SuitableForSexOffenders, NighttimeCurfew, WeekendCurfew, MedicalServiceAccess, TransportLinks, CulturalReligeousServices, MentalHealthSuitable, Employment, FamilyAccess, FutureExpansion1, FutureExpansion2, FutureExpansion3, StudentSuggested1, StudentSuggested2, Notes, 
0, C, X862Y6120, 180, 19.70, 28, 66, 8, Studio 33MJennifer GreenPort AnnettetownBB6H 4EH, 9486335, RHU0@email.com, Dr Thomas Pollard, [], Mixed, [], False, True, True, False, Bus, Prayer room, False, False, True, [], [], [], [], [], [], 
1, B, X9681Y3045, 365, 16.60, 28, 49, 6, 56 Yvonne CurvePaulinelandM6T 5TQ, 2507380, RHU1@email.com, Benjamin Newman, [], Mixed, [], True, True, True, False, Bus, Prayer room, True, False, True, [], [], [], [], [], [], 
2, A, X2833Y9785, 365, 27.42, 28, 78, 2, 0 Parkinson PlainsSallylandPE4N 4SS, 3411007, RHU2@email.com, Duncan Gough, [], Mixed, [], False, False, False, True, Bus, Chapel, False, False, True, [], [], [], [], [], [], 
3, D, X4450Y7983, 90, 64.48, 28, 56, 7, 26 Liam RueEast NigeltonHG3 9UZ, 7046144, RHU3@email.com, Mr Shaun Richards, [], Male, [], True, False, True, True, Bus, Chapel + Prayer room, True, True, False, [], [], [], [], [], [], 
4, A, X2033Y475, 180, 14.90, 28, 56, 10, 4 Wright PlainsThomaschesterE0U 2FE, 9010375, RHU4@email.com, Donald Smith, [], Female, [], True, False, False, False, Bus, Chapel + Prayer room, True, False, True, [], [], [], [], [], [], 
5, B, X9740Y188, 90, 75.97, 28, 58, 6, Studio 3Cheryl CourtEast KieranDT1E 3SJ, 9308056, RHU5@email.com, Natasha Thompson, [], Mixed, [], False, False, True, False, Bus, Chapel + Prayer room, True, True, False, [], [], [], [], [], [], 
6, B, X4736Y2965, 180, 47.6, 28, 66, 4, 9 Martin RapidFionaviewSP96 2TS, 5183865, RHU6@email.com, Tina Graham-Dixon, [], Mixed, [], False, True, True, False, None, Prayer room, False, True, True, [], [], [], [], [], [], 
7, B, X7716Y3415, 90, 38.33, 28, 41, 6, 968 Smith PlazaLake MarieMK11 2QE, 8470003, RHU7@email.com, Molly Webster-Bowen, [], Mixed, [], True, True, True, False, Bus, Chapel, True, False, True, [], [], [], [], [], [], 
8, A, X5453Y4943, 365, 17.31, 28, 58, 6, 936 Shaun RoadsTracylandBB44 0NG, 8016652, RHU8@email.com, Callum Ahmed, [], Mixed, [], False, False, False, True, Bus, Chapel + Prayer room, True, True, True, [], [], [], [], [], [], 
9, A, X1893Y223, 180, 44.36, 28, 62, 7, 796 Brenda RadialLake AngelafurtL8 8TT, 9564992, RHU9@email.com, Mrs Rosie Murray, [], Female, [], False, False, False, True, None, Chapel + Prayer room, False, True, False, [], [], [], [], [], [], 
10, D, X18Y6551, 365, 31.54, 28, 42, 1, Studio 7Ahmed LightLake JohnW49 0UN, 2099563, RHU10@email.com, Leonard Roberts, [], Male, [], True, True, True, True, Rail, Chapel + Prayer room, True, True, True, [], [], [], [], [], [], 
11, D, X4077Y9417, 90, 88.15, 28, 55, 8, Studio 36Kayleigh CircleJonesvilleBT0E 5RB, 5468641, RHU11@email.com, Natalie Edwards, [], Female, [], False, True, True, False, Rail, Prayer room, False, False, True, [], [], [], [], [], [], 
12, C, X1342Y5787, 365, 60.88, 28, 38, 10, Flat 02pBrown FallsNaomifurtIG21 5JL, 8667741, RHU12@email.com, Debra Banks, [], Mixed, [], True, True, False, False, None, None, False, False, False, [], [], [], [], [], [], 
13, B, X5700Y556, 90, 53.5, 28, 50, 2, Flat 8Cartwright PassageWest MichaelSR6 4SH, 6783667, RHU13@email.com, Dr Jane Quinn, [], Female, [], False, True, True, True, Rail + Bus, Prayer room, True, True, True, [], [], [], [], [], [], 
14, D, X6575Y2201, 180, 28.57, 28, 56, 2, Studio 3Sharp RoadSouth DanielleviewL1T 0WX, 4482373, RHU14@email.com, Mrs Cheryl Brown, [], Male, [], True, True, False, False, Bus, Prayer room, True, False, True, [], [], [], [], [], [], 
15, C, X146Y5068, 365, 75.72, 28, 62, 8, Studio 2Alison SquareNorth ChloetonSL90 7YY, 7458749, RHU15@email.com, Charlie Moore-Reed, [], Female, [], False, True, True, True, Rail, Chapel, False, False, False, [], [], [], [], [], [], 
16, D, X3390Y3819, 90, 74.52, 28, 42, 1, Studio 2Brennan ViewsHilaryfurtN7T 0EY, 6333903, RHU16@email.com, Joyce Cooper, [], Female, [], True, True, True, False, Rail, Chapel, False, False, True, [], [], [], [], [], [], 
17, B, X7922Y4346, 90, 39.98, 28, 61, 6, Studio 12Dixon SummitWilliamsbergSW81 0DF, 6993166, RHU17@email.com, Ms Victoria Hudson, [], Male, [], True, True, False, True, Bus, None, True, True, False, [], [], [], [], [], [], 
18, B, X7471Y4059, 365, 33.80, 28, 60, 7, Flat 44Cartwright FallsWest LauraM1A 8HL, 1204233, RHU18@email.com, Lynda Wood, [], Mixed, [], False, False, False, False, Rail, Chapel + Prayer room, True, True, False, [], [], [], [], [], [], 
19, A, X1148Y914, 90, 42.62, 28, 64, 3, Studio 45vMarcus StreamPalmerviewML7 9ZN, 8866086, RHU19@email.com, Stephanie Riley, [], Female, [], False, False, True, True, Rail + Bus, Chapel + Prayer room, True, True, False, [], [], [], [], [], [], 
20, B, X5077Y5161, 90, 97.85, 28, 76, 3, Studio 46qJones LightsSouth EileenB4F 3JZ, 6036239, RHU20@email.com, Mrs Elizabeth Jones, [], Female, [], False, True, False, True, Rail + Bus, Chapel + Prayer room, False, True, True, [], [], [], [], [], [], 
21, A, X3769Y3281, 180, 20.92, 28, 58, 4, 500 Katie RapidBlackmouthKY63 1LJ, 8302170, RHU21@email.com, Simon Walker, [], Female, [], False, True, False, True, None, Chapel, False, False, False, [], [], [], [], [], [], 
22, A, X5245Y1162, 60, 41.26, 28, 62, 2, Studio 8Clements ViewValeriechesterN7D 2TQ, 1232923, RHU22@email.com, Mrs Josephine Ellis, [], Male, [], True, True, True, True, Rail, None, False, True, False, [], [], [], [], [], [], 
23, C, X4625Y3054, 365, 61.55, 28, 66, 6, Studio 8Francis LodgeRoberttownKY5 5DQ, 2307361, RHU23@email.com, Ms Tracey Morton, [], Male, [], True, False, True, True, Rail + Bus, None, False, True, True, [], [], [], [], [], [], 
24, D, X8997Y5579, 60, 98.92, 28, 55, 2, Flat 8Rebecca HavenNew MarieLA5E 1AP, 7545378, RHU24@email.com, Kevin Howard, [], Female, [], True, True, True, True, Rail, Prayer room, True, False, False, [], [], [], [], [], [], 
25, A, X6987Y9091, 90, 59.89, 28, 76, 9, 5 David PortsSouth ThomasCF5 8DX, 1611519, RHU25@email.com, Marie Lowe, [], Male, [], True, False, True, True, Rail, Chapel + Prayer room, False, True, False, [], [], [], [], [], [], 
26, B, X7201Y4291, 180, 93.95, 28, 45, 1, Studio 00Danny StreetSouth SamanthaN42 8UH, 6779274, RHU26@email.com, Ms Jean Naylor, [], Male, [], True, False, False, True, Rail + Bus, Chapel + Prayer room, True, False, True, [], [], [], [], [], [], 
27, B, X8868Y3250, 180, 12.49, 28, 54, 7, 91 Roberts SummitNorth ArthurvilleS1 0ZH, 6956801, RHU27@email.com, Liam Allen, [], Mixed, [], False, True, False, True, None, Chapel, False, False, True, [], [], [], [], [], [], 
28, C, X4334Y7471, 365, 95.38, 28, 68, 5, 4 Lowe MountWest SimonS8C 4YF, 5042156, RHU28@email.com, David Holmes, [], Female, [], True, True, False, True, Bus, Prayer room, True, False, True, [], [], [], [], [], [], 
29, A, X3568Y447, 365, 67.74, 28, 52, 10, 9 Brown LightNorth KimberleyviewE6K 1NB, 3885845, RHU29@email.com, Jonathan Holland, [], Female, [], False, False, False, False, None, Chapel + Prayer room, False, False, False, [], [], [], [], [], [], 
30, D, X5658Y880, 365, 63.10, 28, 71, 8, Studio 21JIrene LakeDeclanhavenM16 9TX, 5225362, RHU30@email.com, Iain Ball, [], Mixed, [], True, True, True, False, Rail, Chapel + Prayer room, True, False, False, [], [], [], [], [], [], 
31, C, X7682Y3543, 90, 68.17, 28, 62, 4, 99 Dixon LocksNorth JordanmouthG5E 7RN, 2646846, RHU31@email.com, Linda Baker, [], Male, [], False, True, True, False, Rail, Chapel, False, False, True, [], [], [], [], [], [], 
32, D, X5473Y1792, 90, 33.70, 28, 62, 6, Flat 3Hall FortNew EricL8B 8UH, 8224779, RHU32@email.com, Mrs Lauren Lord, [], Mixed, [], False, False, True, False, Rail + Bus, Chapel + Prayer room, True, False, False, [], [], [], [], [], [], 
33, C, X8180Y6956, 60, 72.16, 28, 50, 4, Studio 90HThompson CurveJordanlandSN6 5SB, 9838229, RHU33@email.com, Mr Liam Parker, [], Mixed, [], True, True, False, True, Rail + Bus, None, True, False, False, [], [], [], [], [], [], 
34, B, X1515Y3830, 90, 89.62, 28, 67, 10, Flat 7Lawrence LoopEast AlexanderviewS6S 4FZ, 7591763, RHU34@email.com, Shirley Robinson, [], Mixed, [], False, True, True, True, None, Chapel + Prayer room, False, True, False, [], [], [], [], [], [], 
35, A, X7589Y6975, 90, 59.88, 28, 59, 1, 131 Bryan CourtsEast JuliaW08 8EP, 8675393, RHU35@email.com, Gerald Ali, [], Male, [], True, True, False, True, Bus, Chapel + Prayer room, True, False, False, [], [], [], [], [], [], 
36, A, X3717Y5470, 180, 33.31, 28, 67, 8, 9 Phillip KnollCarolefortS3J 9WQ, 4747113, RHU36@email.com, Stacey Lewis-Doherty, [], Mixed, [], False, False, False, True, Bus, None, False, True, True, [], [], [], [], [], [], 
37, D, X9191Y5637, 180, 34.6, 28, 78, 10, Flat 3Williams FieldsEast DenisfortPA3V 3ER, 6216585, RHU37@email.com, Dr Stuart Randall, [], Mixed, [], True, False, True, True, Rail, Chapel + Prayer room, True, False, True, [], [], [], [], [], [], 
38, D, X4463Y863, 90, 22.35, 28, 43, 10, 1 Maureen GardensAshleighburyKA6 2AL, 6989460, RHU38@email.com, Mr Henry Lambert, [], Male, [], True, True, True, False, Bus, Prayer room, True, False, False, [], [], [], [], [], [], 
39, A, X5435Y9667, 90, 59.4, 28, 45, 1, 6 Whittaker PointLake VanessaviewL3H 5DE, 8765283, RHU39@email.com, Jake Williams, [], Female, [], True, True, False, True, Bus, Prayer room, False, False, True, [], [], [], [], [], [], 
40, D, X5355Y9644, 60, 74.33, 28, 41, 8, 2 Jessica TrailWest BrettlandL3J 6JJ, 2914368, RHU40@email.com, Dale Johnston, [], Mixed, [], False, True, False, False, Rail + Bus, Prayer room, False, False, True, [], [], [], [], [], [], 
41, B, X6446Y3491, 365, 29.26, 28, 73, 4, Flat 2Pearson LightsNew KieranmouthM3 7JE, 2696521, RHU41@email.com, Graeme Gill, [], Male, [], False, True, False, False, Rail + Bus, Chapel, True, True, False, [], [], [], [], [], [], 
42, D, X2129Y7237, 180, 47.38, 28, 42, 10, 09 Susan GlenWest PamelaN3J 4NL, 4835736, RHU42@email.com, Reece Newman, [], Female, [], False, False, True, True, None, Chapel + Prayer room, False, False, False, [], [], [], [], [], [], 
43, A, X782Y5940, 60, 12.96, 28, 42, 10, 3 Wilkinson CapeReecemouthCH7 4SX, 9124711, RHU43@email.com, Mr Conor Smith, [], Female, [], False, True, True, False, Rail + Bus, Chapel, False, False, False, [], [], [], [], [], [], 
44, C, X4699Y600, 180, 51.31, 28, 65, 1, Flat 36UMorgan TurnpikeSouth LindaBA85 5US, 6153444, RHU44@email.com, Mrs Lynne Evans, [], Female, [], True, False, False, True, Rail + Bus, Chapel + Prayer room, False, False, True, [], [], [], [], [], [], 
45, D, X8354Y8967, 365, 58.3, 28, 59, 3, 40 Stuart RoadSaundersbergM2E 4JN, 4403674, RHU45@email.com, Mathew Lynch, [], Mixed, [], False, True, False, True, Rail + Bus, Chapel + Prayer room, False, False, True, [], [], [], [], [], [], 
46, B, X4364Y9552, 365, 21.74, 28, 51, 1, 96 Mathew DrivesThompsonfurtS8B 9EE, 7427632, RHU46@email.com, Lewis Norman-Hunter, [], Male, [], False, True, False, True, Rail, Chapel + Prayer room, True, False, False, [], [], [], [], [], [], 
47, B, X2394Y8024, 365, 12.17, 28, 43, 7, Studio 9Fisher KeysNorth JacquelineportRM0N 1UA, 5269817, RHU47@email.com, Leonard Walker, [], Male, [], False, True, True, False, Bus, Chapel + Prayer room, True, True, False, [], [], [], [], [], [], 
48, B, X289Y7143, 60, 63.42, 28, 46, 4, 4 Benjamin LandingSouth TerryvilleW83 9JS, 4662650, RHU48@email.com, Leonard Peacock, [], Mixed, [], True, True, True, False, Bus, Prayer room, True, False, True, [], [], [], [], [], [], 
49, D, X5394Y3716, 60, 98.61, 28, 60, 5, 32 Scott CommonTomfortNW60 5FX, 1574980, RHU49@email.com, Hannah Owen, [], Female, [], False, False, True, False, Rail + Bus, Chapel, True, False, False, [], [], [], [], [], [], 
50, D, X49Y6789, 180, 40.36, 28, 71, 1, 964 Katie MountainEast CarolinehavenDA5R 7PF, 7256627, RHU50@email.com, Joan Lowe, [], Male, [], True, True, False, False, Rail + Bus, None, True, False, False, [], [], [], [], [], [], 
51, D, X9238Y2889, 60, 46.11, 28, 67, 9, 93 Keith MillsEast BernardburghB67 6EP, 7374444, RHU51@email.com, Kirsty Law, [], Female, [], True, True, False, False, Bus, None, False, False, False, [], [], [], [], [], [], 
52, B, X275Y4888, 60, 79.2, 28, 55, 3, Studio 75Shirley InletEast BillyburghRG4 4WB, 2526392, RHU52@email.com, Gary Wood, [], Female, [], True, True, False, False, Bus, Chapel + Prayer room, False, False, False, [], [], [], [], [], [], 
53, A, X3205Y676, 180, 36.63, 28, 76, 5, 1 Andrew FordsWest LucyfortLD1B 8AU, 3815801, RHU53@email.com, Mrs Barbara Marsh, [], Female, [], False, False, False, True, Rail, Prayer room, True, True, True, [], [], [], [], [], [], 
54, D, X7828Y7709, 90, 42.95, 28, 50, 8, 76 Wilson MeadowGrahamportNP21 9BA, 1501229, RHU54@email.com, Mr Geoffrey Reynolds, [], Male, [], True, False, False, False, Bus, Chapel + Prayer room, True, True, False, [], [], [], [], [], [], 
55, B, X5327Y4009, 90, 88.58, 28, 65, 2, 66 Sarah FreewayRobinsontownCT3Y 0QA, 8522127, RHU55@email.com, Laura Curtis, [], Male, [], True, False, False, False, Bus, Chapel + Prayer room, False, True, True, [], [], [], [], [], [], 
56, A, X2098Y479, 365, 73.37, 28, 68, 8, 13 Farrell CirclesTerencemouthE92 0BX, 5547449, RHU56@email.com, Mr Dylan Wood, [], Female, [], False, False, True, True, Bus, Prayer room, False, True, True, [], [], [], [], [], [], 
57, D, X7641Y2, 180, 49.71, 28, 47, 10, Flat 1Hayley SummitClaremouthN96 1AZ, 9616897, RHU57@email.com, Jodie Chan-Marsden, [], Male, [], False, False, True, False, Rail, Chapel + Prayer room, True, True, False, [], [], [], [], [], [], 
58, D, X2437Y3435, 180, 99.96, 28, 72, 9, 69 Anne NeckSouth LeahS0G 0AP, 8016834, RHU58@email.com, Elliot Baker, [], Mixed, [], True, False, False, False, None, None, False, False, True, [], [], [], [], [], [], 
59, B, X4850Y8568, 180, 54.41, 28, 63, 10, 3 Bentley RapidDixonsideW2 0ZG, 1473717, RHU59@email.com, Louis Taylor, [], Mixed, [], True, False, False, True, None, None, False, False, True, [], [], [], [], [], [], 
60, D, X4977Y5068, 365, 90.95, 28, 64, 5, 7 Joshua VilleNew TrevorportTS3 7FU, 9844549, RHU60@email.com, Dr Edward Wright, [], Female, [], True, False, False, False, Rail, Prayer room, True, False, False, [], [], [], [], [], [], 
61, D, X3310Y7230, 90, 91.87, 28, 67, 10, 499 Antony PointJillfurtS9H 1JL, 3187891, RHU61@email.com, Glenn Evans, [], Male, [], True, False, True, False, None, Chapel, True, True, True, [], [], [], [], [], [], 
62, C, X5188Y2696, 365, 14.4, 28, 43, 5, 96 Fisher CornerWest PamelaZE77 8EQ, 7179357, RHU62@email.com, Michael Richards-Ross, [], Female, [], False, False, False, True, None, None, True, True, False, [], [], [], [], [], [], 
63, A, X5074Y543, 365, 95.47, 28, 41, 4, 32 Stephenson ForkCarolbergN7W 8EQ, 4624459, RHU63@email.com, Mrs Josephine Green, [], Mixed, [], True, False, False, False, Rail, None, False, True, True, [], [], [], [], [], [], 
64, D, X7137Y1983, 180, 75.90, 28, 42, 5, Studio 3Oliver IsleWest SharontonB57 0NT, 4716821, RHU64@email.com, Alexandra Wilson-Campbell, [], Male, [], False, True, True, True, Bus, Chapel + Prayer room, True, True, True, [], [], [], [], [], [], 
65, B, X5051Y6786, 60, 100.0, 28, 63, 3, 4 Sharpe CourtsNorth ShaunBB8 3ZN, 4690569, RHU65@email.com, Ms Hannah Gilbert, [], Mixed, [], True, False, True, True, Rail, None, False, False, False, [], [], [], [], [], [], 
66, D, X4264Y5410, 180, 22.94, 28, 76, 10, 8 Jackson FallsLloydfurtM6D 2NR, 4888484, RHU66@email.com, Lynne Rose, [], Male, [], False, True, False, False, None, Chapel, True, False, True, [], [], [], [], [], [], 
67, C, X4934Y2311, 365, 59.54, 28, 44, 3, Studio 94LJenkins PinesLake EricburghLU4 8XY, 9925086, RHU67@email.com, Alex Dyer-Rahman, [], Male, [], False, True, True, True, Rail, None, True, False, False, [], [], [], [], [], [], 
68, C, X4992Y3515, 90, 19.47, 28, 43, 4, Flat 59Oliver LodgePopeburghTQ62 4HN, 8537690, RHU68@email.com, Judith Barrett, [], Male, [], True, True, False, True, None, Prayer room, True, True, False, [], [], [], [], [], [], 
69, D, X8864Y1658, 180, 48.3, 28, 45, 1, Studio 79zMalcolm FlatsGillianportG36 5DG, 3010836, RHU69@email.com, Damien Wilson, [], Female, [], True, False, True, True, Bus, Prayer room, False, False, False, [], [], [], [], [], [], 
70, C, X1377Y180, 365, 71.97, 28, 67, 1, 0 Fleming VistaNorth AlexvilleM7 5WX, 4250775, RHU70@email.com, Jean Richards, [], Female, [], False, False, False, False, Rail, Chapel + Prayer room, True, True, False, [], [], [], [], [], [], 
71, C, X7379Y57, 90, 77.65, 28, 38, 7, Flat 65WWheeler LaneSouth AnthonyburghE95 4WP, 7311927, RHU71@email.com, Bethany White, [], Male, [], True, False, True, True, Rail + Bus, Prayer room, False, False, False, [], [], [], [], [], [], 
72, C, X1479Y1850, 180, 44.35, 28, 75, 9, Flat 1Victor KeyWest FrancisG1 0FZ, 5470146, RHU72@email.com, Mrs Amber Cooper, [], Male, [], True, True, True, True, Rail, None, True, True, False, [], [], [], [], [], [], 
73, D, X3740Y278, 365, 70.40, 28, 76, 1, Flat 72Carter GardensEllieboroughIP66 0HF, 7589361, RHU73@email.com, Roy Jackson, [], Female, [], True, True, True, True, Rail, Prayer room, False, True, False, [], [], [], [], [], [], 
74, C, X2759Y1569, 365, 16.55, 28, 63, 2, Studio 76qDenis PikeSouth HayleyS38 0YF, 8278925, RHU74@email.com, Melissa Cook-Sutton, [], Female, [], False, True, False, False, None, Chapel, True, True, False, [], [], [], [], [], [], 
75, C, X196Y7570, 60, 46.0, 28, 55, 10, 64 Wayne SquareEast MohamedfortN08 5FL, 3929517, RHU75@email.com, Claire Middleton, [], Male, [], True, True, False, True, Rail, Chapel + Prayer room, True, True, False, [], [], [], [], [], [], 
76, C, X6716Y2121, 365, 21.92, 28, 64, 9, 540 Lewis SummitSouth CherylmouthSA1 6QL, 9391672, RHU76@email.com, Amber Moran-Gray, [], Male, [], False, True, True, True, Bus, Chapel, False, False, False, [], [], [], [], [], [], 
77, D, X9179Y5090, 90, 30.11, 28, 41, 7, Studio 00Hayes ParkSouth SarahTW54 0JB, 3382613, RHU77@email.com, Amy Marshall, [], Male, [], True, True, False, False, Rail, None, True, True, False, [], [], [], [], [], [], 
78, B, X4789Y1776, 365, 80.7, 28, 46, 8, 5 Arnold FerrySouth LeeBH8 5GG, 1964018, RHU78@email.com, Daniel Singh, [], Female, [], True, False, False, False, Bus, Prayer room, False, False, True, [], [], [], [], [], [], 
79, D, X3508Y4287, 180, 41.92, 28, 49, 6, 670 Charles GlensAshleighshireE5 7BQ, 4862055, RHU79@email.com, Lindsey Carroll-Willis, [], Mixed, [], False, True, False, True, None, Prayer room, False, True, False, [], [], [], [], [], [], 
80, A, X5059Y1819, 365, 66.22, 28, 60, 6, Flat 43BRees ValleysPort BriansideB28 2YJ, 9446166, RHU80@email.com, Ms Stephanie Riley, [], Female, [], True, True, True, False, None, Chapel, True, True, False, [], [], [], [], [], [], 
81, A, X4379Y680, 90, 93.32, 28, 46, 9, Flat 41IBilly SkywayPort SharonchesterW0F 2WR, 3545668, RHU81@email.com, Joseph Berry, [], Female, [], True, False, True, True, Bus, None, False, True, False, [], [], [], [], [], [], 
82, C, X1748Y9557, 365, 57.49, 28, 45, 8, 6 Adrian ForgesSallyhavenWF0B 0NU, 4424841, RHU82@email.com, Norman John, [], Female, [], True, True, True, True, Bus, Prayer room, True, True, True, [], [], [], [], [], [], 
83, B, X4131Y4087, 180, 64.24, 28, 77, 9, Studio 4Morgan TurnpikeWest ChristineN02 2YR, 7059990, RHU83@email.com, Dr Kieran Howarth, [], Female, [], False, True, True, True, None, Prayer room, False, False, False, [], [], [], [], [], [], 
84, D, X2918Y6692, 365, 95.32, 28, 64, 1, Studio 86ySmith AlleyPhillipsfortRH5B 4PT, 7843207, RHU84@email.com, Damien Wong, [], Female, [], True, False, True, True, Rail + Bus, None, False, True, True, [], [], [], [], [], [], 
85, D, X4732Y9814, 60, 99.87, 28, 49, 7, Flat 00Buckley LockHillmouthM03 9XQ, 2126035, RHU85@email.com, Dr Grace Shaw, [], Female, [], False, True, True, False, None, Chapel + Prayer room, False, False, True, [], [], [], [], [], [], 
86, C, X5802Y4245, 60, 60.61, 28, 56, 4, 257 Kerry GardenNorth RogersideG2A 5LD, 8205819, RHU86@email.com, Tony Lawson, [], Male, [], False, False, True, True, Bus, Chapel + Prayer room, False, False, True, [], [], [], [], [], [], 
87, A, X4389Y2765, 90, 29.40, 28, 60, 1, Studio 03Angela HillsWest JoyceN53 6PJ, 3364405, RHU87@email.com, Janet Williams, [], Female, [], True, True, True, True, Rail + Bus, None, False, False, False, [], [], [], [], [], [], 
88, C, X3280Y464, 180, 78.67, 28, 46, 9, 64 Lewis CenterWest LeanneAB1A 5FD, 5326453, RHU88@email.com, Mrs Amy North, [], Male, [], False, True, True, False, None, Chapel, False, False, False, [], [], [], [], [], [], 
89, C, X2310Y7762, 365, 12.32, 28, 41, 4, Flat 1Dawn StreetPort LyndaRM3 6ZH, 8835982, RHU89@email.com, Ricky Webb, [], Mixed, [], False, False, False, True, None, Chapel + Prayer room, True, True, False, [], [], [], [], [], [], 
90, B, X3456Y1976, 365, 95.75, 28, 64, 10, Studio 48Gary LoafLouisesideNE72 0LL, 3988621, RHU90@email.com, Martyn Williams, [], Female, [], False, False, True, False, None, None, True, True, False, [], [], [], [], [], [], 
91, A, X7924Y5873, 365, 73.3, 28, 66, 2, 7 Bradley TrailEast IanburghM1 5WY, 3495489, RHU91@email.com, Kayleigh Morgan, [], Mixed, [], False, True, True, False, Rail + Bus, Chapel + Prayer room, False, True, True, [], [], [], [], [], [], 
92, A, X6735Y4006, 180, 77.82, 28, 38, 10, Studio 6Byrne FallsSouth NatashaG1C 9ZL, 1734705, RHU92@email.com, Katy Watkins, [], Female, [], False, True, True, False, Rail, None, True, True, True, [], [], [], [], [], [], 
93, D, X3701Y5240, 90, 74.52, 28, 70, 9, Flat 47sAlan CrossingWest CharlotteburyW0S 3GS, 1436522, RHU93@email.com, Dr Peter Abbott, [], Female, [], True, True, True, True, Rail + Bus, None, False, True, False, [], [], [], [], [], [], 
94, D, X8460Y7818, 60, 30.65, 28, 59, 8, Studio 71Gerard MallNorth SandraburyG4E 9DF, 9111265, RHU94@email.com, Mrs Ellie Francis, [], Mixed, [], True, False, True, False, None, Chapel + Prayer room, True, False, False, [], [], [], [], [], [], 
95, C, X6949Y1283, 365, 96.35, 28, 58, 10, Flat 46OSimon MountNorth GeorginavilleSR3A 2HT, 2279147, RHU95@email.com, Sophie Williams, [], Mixed, [], False, False, True, True, Bus, Chapel + Prayer room, False, False, False, [], [], [], [], [], [], 
96, A, X805Y6641, 90, 29.30, 28, 38, 7, 05 Vanessa DriveDavisportWD8 7AW, 7973175, RHU96@email.com, Terence Bray, [], Female, [], True, False, False, False, Bus, Chapel, True, True, True, [], [], [], [], [], [], 
97, C, X6767Y6415, 180, 33.78, 28, 58, 2, Flat 58dMaurice MissionJodieportE9 4BH, 9993553, RHU97@email.com, Ms Shannon Morris, [], Mixed, [], False, True, True, False, None, Chapel, True, False, True, [], [], [], [], [], [], 
98, C, X3238Y945, 180, 39.52, 28, 54, 8, 2 Smith ViewLake ClaireboroughTD8 6YY, 7459165, RHU98@email.com, Jacob Fletcher, [], Mixed, [], False, True, True, False, None, Chapel + Prayer room, True, False, True, [], [], [], [], [], [], 
99, A, X4364Y9932, 365, 49.46, 28, 39, 7, Flat 84wJulia CommonNew DalestadBD7 6DU, 4413881, RHU99@email.com, Leah Cox, [], Male, [], False, False, True, False, None, Chapel, True, True, True, [], [], [], [], [], [], 
100, C, X6864Y9072, 90, 73.8, 28, 70, 3, 156 Zoe MewsAlexfurtNG6V 4RN, 4135761, RHU100@email.com, Jeremy Jones, [], Male, [], True, True, True, True, Rail + Bus, Prayer room, True, False, True, [], [], [], [], [], [], 
101, B, X1965Y7041, 90, 26.73, 28, 44, 4, Flat 50HLowe RouteSmithstadBN19 3QR, 2376544, RHU101@email.com, Mr Christopher Pearce, [], Male, [], True, False, True, False, None, None, False, True, True, [], [], [], [], [], [], 
102, C, X788Y8997, 90, 12.50, 28, 60, 3, Flat 9Ellis FallGeraldmouthKA7 8GP, 4082307, RHU102@email.com, Josh Jackson-Abbott, [], Mixed, [], True, False, True, False, Rail + Bus, Prayer room, False, True, True, [], [], [], [], [], [], 
103, D, X7652Y3315, 365, 58.77, 28, 67, 6, Studio 4Barry LandingSouth DouglasS93 1ZU, 1255942, RHU103@email.com, Dawn Hopkins-Hale, [], Female, [], True, True, True, True, Bus, None, True, False, True, [], [], [], [], [], [], 
104, C, X5531Y5697, 60, 41.47, 28, 76, 1, Flat 95Lambert PortRitachesterLL7 2RJ, 3330229, RHU104@email.com, Deborah White-Hill, [], Male, [], False, True, True, False, Bus, Prayer room, False, True, False, [], [], [], [], [], [], 
105, C, X4226Y1101, 180, 62.4, 28, 58, 4, 5 Sara GreenJudithviewS6K 6RZ, 6703494, RHU105@email.com, Adam Miller-Smith, [], Female, [], False, False, True, False, Bus, None, True, False, True, [], [], [], [], [], [], 
106, B, X8153Y8692, 180, 99.19, 28, 41, 9, Flat 79Robinson MillsNew DianaburghL9J 4XR, 4550093, RHU106@email.com, Bryan Barlow-Turner, [], Mixed, [], True, True, False, True, Rail + Bus, Chapel + Prayer room, False, False, True, [], [], [], [], [], [], 
107, D, X1727Y3045, 180, 40.88, 28, 60, 4, Studio 51bHowarth PrairieGreenfortST07 1LU, 2076101, RHU107@email.com, Chloe Wilson-Barker, [], Male, [], True, True, False, True, Rail, Prayer room, True, True, False, [], [], [], [], [], [], 
108, D, X2804Y8179, 365, 71.90, 28, 69, 8, Flat 04Annette PinesLake GeraldineS4J 2FD, 7190512, RHU108@email.com, Mr Paul North, [], Mixed, [], False, False, False, False, Rail + Bus, Prayer room, True, False, True, [], [], [], [], [], [], 
109, C, X5417Y9645, 180, 86.19, 28, 42, 9, 51 Carter StravenueNew MalcolmWS6A 4SR, 5209167, RHU109@email.com, Jack Young, [], Female, [], False, True, True, False, Rail, Prayer room, False, False, True, [], [], [], [], [], [], 
110, B, X3660Y5641, 180, 23.92, 28, 59, 8, 8 Anne PortsWest JoshuaSP8Y 4YU, 8036609, RHU110@email.com, Iain O'Neill, [], Female, [], False, True, True, False, Bus, Prayer room, False, True, True, [], [], [], [], [], [], 
111, A, X5656Y5723, 90, 92.31, 28, 48, 3, 99 Martyn BridgeAnnettefortE71 4QP, 5439409, RHU111@email.com, Sylvia Dyer, [], Male, [], False, True, True, True, Rail, None, False, False, True, [], [], [], [], [], [], 
112, A, X7100Y6100, 90, 46.61, 28, 71, 6, 989 Martin RapidNorth LisaPL7N 0ZJ, 7731954, RHU112@email.com, Eric Harrison-O'Neill, [], Mixed, [], False, True, True, True, Bus, Prayer room, False, True, False, [], [], [], [], [], [], 
113, A, X2298Y4125, 365, 55.55, 28, 44, 4, 4 Bennett ForgesLake HilarychesterRH9Y 2UZ, 5813658, RHU113@email.com, Kelly Richardson, [], Male, [], True, True, True, False, Bus, Chapel, False, False, True, [], [], [], [], [], [], 
114, B, X130Y5420, 90, 62.61, 28, 38, 3, Flat 72kDale CourtsAtkinsonfurtNE8 8QQ, 3467662, RHU114@email.com, Edward Jordan, [], Female, [], False, False, False, False, Rail, Prayer room, True, False, False, [], [], [], [], [], [], 
115, D, X8581Y66, 365, 77.71, 28, 38, 2, 585 Denise CampSmithboroughFY30 0NL, 8179187, RHU115@email.com, Mandy Robinson, [], Mixed, [], False, False, False, False, None, Prayer room, False, True, True, [], [], [], [], [], [], 
116, A, X7196Y7851, 90, 45.1, 28, 64, 9, 96 Khan MountainsWest TomN3D 0UJ, 4414595, RHU116@email.com, Louise Taylor, [], Male, [], True, True, True, True, None, None, True, False, True, [], [], [], [], [], [], 
117, C, X4957Y7464, 180, 48.97, 28, 74, 1, 6 Diane ForksNorth MitchellTQ66 9NB, 7633679, RHU117@email.com, Ronald Long-Fowler, [], Mixed, [], True, True, False, True, None, None, False, False, False, [], [], [], [], [], [], 
118, B, X2916Y795, 180, 39.48, 28, 48, 8, Studio 5Bradley LocksJohnboroughDL7H 0GY, 5086404, RHU118@email.com, Denis Richards, [], Mixed, [], True, True, False, True, Rail + Bus, Chapel, True, True, True, [], [], [], [], [], [], 
119, D, X5079Y9177, 60, 11.50, 28, 71, 4, 247 Benson OrchardPort AnnemouthTW71 3UX, 5256772, RHU119@email.com, Sophie White, [], Mixed, [], True, False, False, True, Rail + Bus, Prayer room, False, True, True, [], [], [], [], [], [], 
120, C, X4602Y8801, 60, 77.31, 28, 77, 4, 3 Clark HarborsPort VincentmouthS9 4BB, 1268913, RHU120@email.com, Josephine Donnelly, [], Female, [], True, True, False, False, Rail, Chapel, True, False, True, [], [], [], [], [], [], 
121, C, X4482Y9862, 365, 69.37, 28, 65, 2, 61 Stuart CliffO'BriensideE9F 8SH, 9074761, RHU121@email.com, Roger Bennett, [], Female, [], False, True, False, True, Bus, Chapel + Prayer room, False, True, True, [], [], [], [], [], [], 
122, D, X5063Y2710, 60, 60.13, 28, 64, 8, Flat 79Amy CampNew JessicaS73 2JR, 9839056, RHU122@email.com, Beverley Harrison, [], Mixed, [], True, True, True, False, Bus, None, False, False, False, [], [], [], [], [], [], 
123, C, X7701Y418, 180, 86.8, 28, 71, 6, Studio 3Jordan CentersWest TomWD2W 2TG, 3596539, RHU123@email.com, Owen Oliver, [], Female, [], False, False, False, True, None, Prayer room, False, True, True, [], [], [], [], [], [], 
124, B, X7605Y3874, 365, 86.25, 28, 44, 5, 721 Damien TraceSouth LynnevilleE19 3RN, 3052127, RHU124@email.com, Martin Preston, [], Mixed, [], True, False, False, True, Rail, Chapel + Prayer room, False, False, True, [], [], [], [], [], [], 
125, B, X2081Y7966, 60, 47.18, 28, 64, 8, Flat 61cBruce CenterRachaelfurtE0 8DX, 7164488, RHU125@email.com, Elizabeth Patterson, [], Male, [], True, False, True, False, Bus, Chapel, True, False, False, [], [], [], [], [], [], 
126, A, X5678Y1816, 60, 90.47, 28, 60, 5, Studio 21Liam FallJasmineburySL16 6ED, 6180575, RHU126@email.com, Dr Rhys Moss, [], Male, [], True, False, True, False, Rail + Bus, Chapel, True, True, True, [], [], [], [], [], [], 
127, D, X2335Y1854, 90, 60.11, 28, 69, 3, 85 Evans RapidsMelaniefortS4 4YX, 9726081, RHU127@email.com, Russell Davies-Owen, [], Male, [], False, False, False, False, Rail + Bus, None, True, False, True, [], [], [], [], [], [], 
128, C, X4158Y3998, 180, 33.43, 28, 69, 10, Flat 82xChapman LoafNorth ShaneburySL2 4LU, 3489049, RHU128@email.com, Christian Farrell-Roberts, [], Mixed, [], True, True, False, True, Rail + Bus, None, False, False, False, [], [], [], [], [], [], 
129, A, X351Y3311, 60, 16.84, 28, 66, 1, 600 Martyn CovesJacksonfurtG7D 8XH, 2553794, RHU129@email.com, Caroline Norton, [], Male, [], False, False, True, True, Bus, Chapel + Prayer room, False, False, True, [], [], [], [], [], [], 
130, D, X8101Y3676, 60, 24.24, 28, 43, 1, Flat 80UJackson GatewayAlextonBR66 9PW, 8548260, RHU130@email.com, Ms Jodie Sullivan, [], Mixed, [], True, False, False, True, None, None, False, True, True, [], [], [], [], [], [], 
131, C, X3833Y1782, 365, 29.5, 28, 58, 6, Studio 15Amber VillageMatthewsvilleTN5 0YR, 7811710, RHU131@email.com, Miss Kelly James, [], Female, [], True, True, False, False, Rail, Prayer room, True, True, True, [], [], [], [], [], [], 
132, B, X9659Y5074, 60, 93.91, 28, 44, 2, Studio 7Valerie BurgSouth GeraldWV46 0UG, 5351750, RHU132@email.com, Susan Cunningham, [], Mixed, [], True, True, True, True, Rail + Bus, Chapel + Prayer room, False, True, False, [], [], [], [], [], [], 
133, A, X3427Y3035, 90, 69.42, 28, 78, 3, 347 Porter PointRussellsideL2 1BE, 6403732, RHU133@email.com, Jason Richardson-Wright, [], Female, [], False, True, False, False, Rail + Bus, Chapel, False, True, True, [], [], [], [], [], [], 
134, C, X5909Y2276, 60, 72.76, 28, 54, 8, Flat 7Albert StreetAmbertownSN0R 2BW, 5699081, RHU134@email.com, Terence Harrison, [], Female, [], False, True, True, True, Rail + Bus, Chapel, False, False, False, [], [], [], [], [], [], 
135, D, X1209Y4522, 365, 68.35, 28, 75, 7, 59 Godfrey EstatesAmandashireE07 1JA, 9695615, RHU135@email.com, Amy Holland-Wood, [], Mixed, [], True, False, True, True, Bus, None, False, False, True, [], [], [], [], [], [], 
136, B, X8124Y6179, 60, 38.96, 28, 77, 6, Studio 2Green CovesEileenburyWC78 9BL, 2793496, RHU136@email.com, Marie Collins, [], Mixed, [], False, False, True, True, Rail, None, True, True, False, [], [], [], [], [], [], 
137, C, X4709Y6397, 365, 13.27, 28, 75, 8, Studio 94RChadwick ForksGerardmouthW1S 6NQ, 9198111, RHU137@email.com, Ms Alexandra Williams, [], Female, [], False, True, True, True, None, Prayer room, True, True, True, [], [], [], [], [], [], 
138, A, X6050Y6169, 60, 20.4, 28, 52, 4, 10 Connor MillSouth KevinportW8D 4XD, 4540580, RHU138@email.com, Simon Hayes-Bryan, [], Male, [], True, False, True, True, Bus, Prayer room, True, True, False, [], [], [], [], [], [], 
139, C, X1075Y8648, 90, 57.63, 28, 42, 1, 0 Walters IslandsPort CharlottevilleFK1 0AH, 9395038, RHU139@email.com, Mrs Suzanne Walton, [], Female, [], True, False, False, True, Bus, None, False, True, False, [], [], [], [], [], [], 
140, D, X943Y924, 180, 30.15, 28, 74, 1, 041 Brown WellStoreyburghGU1X 3TB, 3368648, RHU140@email.com, Dr Andrew Jones, [], Male, [], False, False, False, True, None, None, False, True, True, [], [], [], [], [], [], 
141, A, X6710Y9712, 60, 100.84, 28, 72, 2, Flat 1Nicole ValleyLake FrancisburyM99 1FX, 3947286, RHU141@email.com, Mr Graham Hughes, [], Male, [], False, True, True, True, Rail + Bus, Chapel, False, False, True, [], [], [], [], [], [], 
142, C, X2999Y3805, 180, 89.68, 28, 69, 2, 08 James PlazaPort BenAB4N 8EB, 8865943, RHU142@email.com, Frank Thompson, [], Male, [], False, True, False, False, Bus, Chapel, False, False, True, [], [], [], [], [], [], 
143, C, X5910Y1038, 60, 12.1, 28, 66, 5, Studio 59Frank WalksSouth JulianE3 8TP, 2858541, RHU143@email.com, Mrs Rebecca Williams, [], Mixed, [], True, True, False, False, None, Chapel, True, False, False, [], [], [], [], [], [], 
144, A, X4335Y3666, 180, 13.44, 28, 74, 8, Studio 63Kimberley VillageEast KellyB72 7NT, 8302695, RHU144@email.com, Hazel Buckley, [], Mixed, [], True, False, False, True, None, None, True, True, False, [], [], [], [], [], [], 
145, D, X763Y8253, 365, 97.53, 28, 50, 9, 563 Watson TurnpikeNew LeonardWC6P 4JS, 3346953, RHU145@email.com, Kerry Mitchell, [], Female, [], True, True, False, True, None, Chapel, False, False, True, [], [], [], [], [], [], 
146, D, X3044Y1957, 180, 60.90, 28, 60, 8, Flat 64Abigail RowPort DylanstadN0 8WN, 6131518, RHU146@email.com, Clifford Daniels-Gibbons, [], Mixed, [], True, False, False, False, None, None, True, True, False, [], [], [], [], [], [], 
147, D, X4311Y828, 180, 32.77, 28, 68, 1, Flat 88YAbdul AlleyNorth KellytownNP02 8RE, 6213038, RHU147@email.com, Nicola Lawrence, [], Female, [], False, True, True, False, Rail + Bus, Prayer room, True, False, False, [], [], [], [], [], [], 
148, A, X492Y7061, 365, 81.52, 28, 42, 3, Studio 87WJones SquaresPricetonB0B 2WE, 6141688, RHU148@email.com, Iain Powell, [], Male, [], False, True, False, True, Bus, None, True, True, False, [], [], [], [], [], [], 
149, D, X2896Y8980, 365, 73.62, 28, 53, 3, 2 Jones FerryPort RichardLD6M 3PT, 1343885, RHU149@email.com, Chelsea Cook-Baker, [], Mixed, [], True, True, False, False, Rail, Chapel, False, True, False, [], [], [], [], [], [], 
150, D, X8426Y7617, 180, 44.50, 28, 62, 1, 6 Scott RiverDeclanchesterW6C 3HH, 6538559, RHU150@email.com, Mr Timothy Ford, [], Male, [], False, False, True, True, Rail + Bus, None, True, False, False, [], [], [], [], [], [], 
151, B, X4068Y981, 180, 34.11, 28, 71, 8, Studio 28KLaura PointsWest AmeliaL4 9UN, 8458471, RHU151@email.com, Antony Wall, [], Mixed, [], True, False, True, True, Bus, Prayer room, False, True, True, [], [], [], [], [], [], 
152, D, X2884Y7508, 365, 100.63, 28, 58, 4, Studio 51Wood PortWattshavenM54 2JL, 5426188, RHU152@email.com, Bethan Martin, [], Male, [], True, False, True, False, Rail, Chapel + Prayer room, False, True, True, [], [], [], [], [], [], 
153, C, X6778Y3247, 180, 97.84, 28, 45, 9, Studio 28Geoffrey InletLisaboroughN52 1YU, 9333592, RHU153@email.com, Edward Scott, [], Mixed, [], True, False, False, True, Rail + Bus, None, False, False, False, [], [], [], [], [], [], 
154, D, X7455Y4092, 180, 81.9, 28, 49, 6, 85 Miller ForgeCookbergCR2Y 8SJ, 2245314, RHU154@email.com, Dr Shane Short, [], Male, [], False, True, True, True, Bus, Chapel, True, False, True, [], [], [], [], [], [], 
155, D, X7329Y330, 90, 39.56, 28, 55, 6, Studio 47nWood LandingTaylorportG6 9FW, 4697506, RHU155@email.com, Benjamin Richards, [], Female, [], False, True, True, False, Bus, Prayer room, False, False, False, [], [], [], [], [], [], 
156, B, X3732Y3847, 180, 70.77, 28, 56, 8, Studio 84ZJoyce IslePatelhavenE0W 7LN, 9735645, RHU156@email.com, Miss Lesley Martin, [], Mixed, [], True, False, True, False, Rail + Bus, Chapel + Prayer room, False, True, False, [], [], [], [], [], [], 
157, A, X2961Y1652, 90, 40.96, 28, 73, 5, Studio 8Alison GardensWest BeverleyviewHS4 7BB, 5352416, RHU157@email.com, Steven O'Neill, [], Female, [], False, True, True, True, None, Chapel, True, True, False, [], [], [], [], [], [], 
158, A, X3507Y8484, 90, 97.25, 28, 47, 2, 78 Rose ForestWest MaryvilleS60 6XH, 7797787, RHU158@email.com, Julia Bennett-Evans, [], Male, [], False, False, True, True, Bus, Prayer room, True, False, True, [], [], [], [], [], [], 
159, C, X4383Y3203, 60, 60.50, 28, 59, 9, Studio 13yWilliams IslandsNorth VictorhavenKW00 5SH, 3535039, RHU159@email.com, Albert Lowe, [], Female, [], True, True, False, False, Bus, None, False, False, True, [], [], [], [], [], [], 
160, B, X2213Y6145, 90, 54.35, 28, 71, 3, Studio 50Young HarborNew AbdultownG0F 1AY, 6017249, RHU160@email.com, Mr Duncan Frost, [], Male, [], True, False, False, False, Bus, None, True, False, True, [], [], [], [], [], [], 
161, C, X8909Y7335, 90, 90.72, 28, 65, 6, 34 Hughes SpringsSouth JasonE1 5WB, 8730936, RHU161@email.com, Gerard Blake-Evans, [], Female, [], True, True, False, False, None, None, True, True, False, [], [], [], [], [], [], 
162, B, X644Y7805, 60, 27.51, 28, 45, 6, Studio 6Williams MountainsDavisfurtKA9 7QU, 8367683, RHU162@email.com, Mrs Paige King, [], Mixed, [], True, False, True, False, Rail, Prayer room, False, False, True, [], [], [], [], [], [], 
163, A, X3424Y7086, 60, 51.56, 28, 71, 4, 964 Toby TrailLake AlexL0 6LF, 3864302, RHU163@email.com, Guy Brown, [], Mixed, [], True, True, False, False, Rail, Chapel + Prayer room, True, True, True, [], [], [], [], [], [], 
164, A, X6090Y9375, 90, 76.99, 28, 51, 2, 487 Glenn LodgeLiamstadW7J 2PB, 3784900, RHU164@email.com, Brenda Hart, [], Male, [], False, False, False, False, Bus, None, True, True, False, [], [], [], [], [], [], 
165, D, X5093Y4790, 90, 26.56, 28, 40, 2, Studio 96Jones GatewayWest JoanneUB2 9XP, 2241717, RHU165@email.com, Max Chambers, [], Female, [], False, False, True, False, Bus, Chapel, False, True, True, [], [], [], [], [], [], 
166, C, X6234Y3361, 365, 56.92, 28, 58, 9, Flat 19Chelsea DriveJonestownCO2 4NB, 1617103, RHU166@email.com, Mark Bell, [], Female, [], True, False, True, False, None, Prayer room, False, False, False, [], [], [], [], [], [], 
167, A, X5678Y8167, 90, 90.6, 28, 60, 5, 4 Gibbons FlatsLake DerekburyE3F 7DQ, 6995917, RHU167@email.com, Heather Griffiths, [], Male, [], True, True, True, False, None, None, True, False, True, [], [], [], [], [], [], 
168, B, X9764Y5693, 60, 18.38, 28, 39, 1, 71 Matthews AvenueWest TracyhavenHD9P 1TB, 2032411, RHU168@email.com, Billy Campbell-Barlow, [], Male, [], False, True, True, False, None, Chapel, True, False, False, [], [], [], [], [], [], 
169, A, X5759Y4766, 90, 51.88, 28, 53, 3, Studio 7Sharon IslandEast KimberleyS48 2HY, 9356892, RHU169@email.com, Mr Shane Howells, [], Mixed, [], True, False, True, True, None, Chapel, True, False, False, [], [], [], [], [], [], 
170, D, X2859Y2189, 90, 13.40, 28, 41, 1, 567 Smith PinesNorth JoannahavenGL8W 9BT, 8563524, RHU170@email.com, Mr Terry Pearson, [], Mixed, [], True, True, False, True, Bus, Prayer room, True, False, True, [], [], [], [], [], [], 
171, B, X7153Y6457, 365, 22.30, 28, 42, 2, Flat 65vFrances ParkMalcolmtonSW22 3HW, 9984487, RHU171@email.com, Natasha Ryan, [], Female, [], True, True, False, False, Rail, Chapel, True, False, True, [], [], [], [], [], [], 
172, C, X7176Y8493, 365, 57.21, 28, 53, 6, 966 Hayes CoveLindamouthN5 4WU, 2679013, RHU172@email.com, Dr Jeremy Sykes, [], Male, [], True, False, False, False, Bus, Chapel, False, False, False, [], [], [], [], [], [], 
173, A, X2965Y532, 180, 28.98, 28, 71, 9, 5 Amelia GlensRobinsonlandM5U 9JH, 1360474, RHU173@email.com, Robin Coles-Morley, [], Female, [], True, True, True, True, None, Chapel, True, True, True, [], [], [], [], [], [], 
174, C, X2051Y3424, 180, 53.1, 28, 76, 9, 6 Clarke PortLake AnnetteBN2B 1DT, 1757064, RHU174@email.com, Benjamin Ferguson, [], Female, [], True, False, True, False, Rail, Prayer room, True, True, True, [], [], [], [], [], [], 
175, D, X3235Y5015, 180, 94.73, 28, 54, 8, 54 Clarke VillagesCarlfortUB6W 2NU, 6584512, RHU175@email.com, Catherine Griffin, [], Mixed, [], True, True, True, True, Rail + Bus, Chapel, False, True, False, [], [], [], [], [], [], 
176, B, X8206Y5330, 365, 94.56, 28, 68, 4, Flat 7Lynne SquaresWest JillboroughNE06 1JU, 7244094, RHU176@email.com, Miss Katy Jones, [], Female, [], True, True, True, True, None, None, True, False, False, [], [], [], [], [], [], 
177, C, X6357Y8624, 60, 82.48, 28, 49, 7, 03 Annette FallNew LeeN8 7QA, 6623837, RHU177@email.com, Maurice Davies-Thompson, [], Mixed, [], False, False, True, True, Rail, Prayer room, False, False, True, [], [], [], [], [], [], 
178, A, X3907Y2562, 180, 21.15, 28, 65, 3, 1 Lisa CreekRuthfurtLA65 2ZU, 3883717, RHU178@email.com, Maurice Martin, [], Female, [], False, False, False, False, Rail + Bus, Prayer room, True, True, True, [], [], [], [], [], [], 
179, D, X8315Y2675, 365, 33.71, 28, 61, 7, Flat 27Leanne PlazaNorth ElliotfortM0W 3UH, 5349701, RHU179@email.com, Jason Baker, [], Female, [], False, False, False, True, None, Prayer room, False, False, True, [], [], [], [], [], [], 
180, D, X8012Y1350, 180, 36.11, 28, 66, 2, Flat 0Williams TrailLake KatyshireL9 4DQ, 3984365, RHU180@email.com, Elizabeth Wyatt-Jennings, [], Mixed, [], False, True, False, True, Bus, Prayer room, True, False, True, [], [], [], [], [], [], 
181, B, X2952Y3617, 365, 35.44, 28, 43, 7, Studio 18BShane StreetSouth ReecesideW8 3EJ, 5304478, RHU181@email.com, Ms Christine Berry, [], Mixed, [], False, False, True, True, Rail + Bus, Prayer room, False, True, True, [], [], [], [], [], [], 
182, D, X9310Y277, 90, 94.61, 28, 42, 9, 18 Williams SquaresDeclanbergS1T 3TY, 7680190, RHU182@email.com, Jay Brooks, [], Mixed, [], False, False, True, False, Rail, Chapel, False, True, False, [], [], [], [], [], [], 
183, C, X8304Y655, 90, 86.13, 28, 70, 5, Flat 11Dunn PlainRachaelfortM4W 7LU, 2546054, RHU183@email.com, Aaron Bishop, [], Mixed, [], False, True, False, True, Rail + Bus, Prayer room, True, True, False, [], [], [], [], [], [], 
184, C, X6735Y7411, 60, 51.1, 28, 51, 9, Studio 09TDavies CoveWest PetertonN4 4HN, 2341533, RHU184@email.com, Dr Gail Hargreaves, [], Mixed, [], False, True, True, True, None, Chapel + Prayer room, True, False, True, [], [], [], [], [], [], 
185, A, X3936Y3554, 365, 75.73, 28, 76, 3, 53 Sam ForkHenrylandDY22 1PP, 3423370, RHU185@email.com, Jasmine Anderson-Patel, [], Female, [], True, False, False, False, None, Chapel + Prayer room, False, False, True, [], [], [], [], [], [], 
186, A, X9644Y2771, 180, 43.16, 28, 57, 5, 60 Dixon TunnelMorgansideM1B 5EE, 7172021, RHU186@email.com, Liam Yates-Young, [], Male, [], True, True, True, True, Rail + Bus, None, True, True, False, [], [], [], [], [], [], 
187, C, X8281Y6158, 180, 78.79, 28, 51, 8, 87 Leslie AlleyBegumviewB7C 2WL, 9209579, RHU187@email.com, Mr Mohammad Young, [], Mixed, [], True, True, True, True, None, Chapel, False, False, False, [], [], [], [], [], [], 
188, A, X7992Y9612, 60, 45.91, 28, 54, 10, 3 Spencer CirclesWest MandylandCO52 6BP, 7336879, RHU188@email.com, Alex Frost, [], Male, [], True, False, True, False, None, Chapel + Prayer room, False, False, False, [], [], [], [], [], [], 
189, A, X6429Y3814, 60, 92.31, 28, 57, 1, 06 Jones PlainCarrollmouthCF21 4QR, 4601392, RHU189@email.com, Shannon Cooper, [], Mixed, [], False, False, False, True, Rail, None, True, True, False, [], [], [], [], [], [], 
190, C, X2449Y2650, 180, 49.92, 28, 72, 1, 8 Michael WayDeclanvilleLE0W 4HU, 6360826, RHU190@email.com, Mrs Joanne Nicholson, [], Female, [], True, False, False, False, Rail, Chapel, False, False, True, [], [], [], [], [], [], 
191, C, X3644Y3096, 60, 17.37, 28, 56, 8, Flat 4Richardson RoadsJadetownRG59 8GQ, 3096174, RHU191@email.com, Jane Talbot-Patel, [], Mixed, [], True, True, False, False, None, Chapel + Prayer room, False, False, False, [], [], [], [], [], [], 
192, B, X1333Y509, 365, 58.98, 28, 63, 9, Studio 04Shannon HarborNorth AnnetteburghLD68 4GX, 2644846, RHU192@email.com, Ms Lorraine Mitchell, [], Male, [], False, True, False, False, Rail + Bus, Chapel + Prayer room, True, False, False, [], [], [], [], [], [], 
193, B, X264Y6368, 180, 100.48, 28, 44, 3, Studio 78Smith TrackEast ConnorportW3 2QA, 1192613, RHU193@email.com, Amanda Turner, [], Mixed, [], True, False, True, True, Bus, Chapel + Prayer room, True, True, False, [], [], [], [], [], [], 
194, C, X7273Y1640, 180, 18.98, 28, 49, 3, 1 Thomas MissionJonathanfortTN08 2HH, 5439551, RHU194@email.com, Jamie Collins, [], Mixed, [], True, False, True, False, None, Prayer room, False, False, False, [], [], [], [], [], [], 
195, B, X5054Y1529, 90, 26.7, 28, 44, 1, Flat 73qLynch DaleNorth ChloemouthMK0 0WX, 8046536, RHU195@email.com, Jeremy Davies, [], Male, [], False, True, False, True, Bus, Chapel + Prayer room, False, True, True, [], [], [], [], [], [], 
196, B, X1253Y6328, 180, 46.18, 28, 73, 7, Flat 1Naomi LodgeLake TonyS9 8FS, 1173518, RHU196@email.com, Dr Thomas Gray, [], Male, [], False, False, True, False, Bus, Chapel + Prayer room, True, False, True, [], [], [], [], [], [], 
197, C, X6748Y556, 180, 75.84, 28, 52, 1, 1 Wright AlleyGuyviewLL89 6HQ, 4401792, RHU197@email.com, Mr Nigel Smith, [], Male, [], False, True, False, True, Bus, Chapel + Prayer room, False, False, False, [], [], [], [], [], [], 
198, A, X4010Y6169, 60, 34.12, 28, 67, 3, Studio 9Eleanor MewsCarolemouthLL64 1WJ, 7153969, RHU198@email.com, Rita Taylor, [], Female, [], True, True, True, False, Rail, None, False, True, True, [], [], [], [], [], [], 
199, A, X3044Y5646, 365, 59.55, 28, 48, 6, Flat 9Davies GatewayNorth GlennN6 8WY, 1744390, RHU199@email.com, Christine Jenkins, [], Mixed, [], False, True, False, True, Rail + Bus, Chapel + Prayer room, True, True, False, [], [], [], [], [], [], 
